variant,model_name,num_cases,bertscore_p,bertscore_r,bertscore_f1
V2,Gemma-2-2B-IT,100,0.604473561346531,0.6217789524793624,0.61239779651165
V1,Gemma-2-2B-IT,100,0.6051274195313454,0.6211891335248947,0.6123948532342911
V3,Gemma-2-2B-IT,100,0.6029520121216774,0.6161697387695313,0.6087972915172577
QW_V1,Qwen2.5-3B-Instruct,100,0.5668728470802307,0.6299599236249924,0.5963356292247772
QW_V3,Qwen2.5-3B-Instruct,100,0.5661302375793457,0.6273610305786133,0.5945826491713524
