variant,num_cases,bertscore_p,bertscore_r,bertscore_f1
V1,100,0.6051274135708808,0.6211890923976898,0.6123948264122009
V2,100,0.6044735565781594,0.6217789137363434,0.6123977714776992
V3,100,0.6029520282149314,0.6161696976423263,0.6087972807884217
