variant,model_name,num_cases,context_relevance_proxy_mean,context_relevance_proxy_std,answer_relevance_proxy_mean,answer_relevance_proxy_std,faithfulness_proxy_mean,faithfulness_proxy_std,citation_validity_mean,citation_validity_std,proxy_composite_mean,proxy_composite_std
V1,Gemma-2-2B-IT,100,0.533138,0.22897572266883917,0.812343,0.10719714798614581,0.9741679999999999,0.0974485794269123,1.0,0.0,0.7732169999999999,0.10380360346307436
V2,Gemma-2-2B-IT,100,0.536847,0.23509438700017893,0.8079519999999999,0.10726973786966325,0.9741679999999999,0.0974485794269123,1.0,0.0,0.772989,0.10233386229751748
QW_V1,Qwen2.5-3B-Instruct,100,0.533138,0.22897572266883917,0.806562,0.10494316959404477,0.963585,0.10099715004980002,1.0,0.0,0.7677630000000001,0.10040898854588708
QW_V3,Qwen2.5-3B-Instruct,100,0.441415,0.23200486601262346,0.806798,0.1118910048469338,0.979405,0.0729300597223882,1.0,0.0,0.742538,0.10507208567397329
V3,Gemma-2-2B-IT,100,0.441415,0.23200486601262346,0.7843800000000001,0.11309442644502558,0.985,0.08572330399888264,1.0,0.0,0.736929,0.10139786551157294
