variant,model_name,num_cases,context_relevance_proxy_mean,context_relevance_proxy_std,answer_relevance_proxy_mean,answer_relevance_proxy_std,faithfulness_proxy_mean,faithfulness_proxy_std,citation_validity_mean,citation_validity_std,proxy_composite_mean,proxy_composite_std
V2,Gemma-2-2B-IT,25,0.582992,0.1649308590490775,0.817812,0.09895879748663075,1.0,0.0,1.0,0.0,0.800268,0.06294874714135831
QW_V1,Qwen2.5-3B-Instruct,25,0.552584,0.22125318958152898,0.8126439999999999,0.09670128006736346,0.9520040000000001,0.1146873048772182,1.0,0.0,0.7724119999999999,0.0828153836353287
QW_V3,Qwen2.5-3B-Instruct,25,0.464656,0.21235273736560753,0.8238880000000001,0.08645970795694374,0.986668,0.06666000000000001,1.0,0.0,0.7584000000000001,0.09957605970647096
V1,Gemma-2-2B-IT,25,0.440356,0.23775959686204043,0.798612,0.08648610832574982,0.98,0.1,1.0,0.0,0.739648,0.10472018318675091
V3,Gemma-2-2B-IT,25,0.408876,0.23339149206144313,0.787272,0.11137515626625777,0.96,0.13844373104863458,1.0,0.0,0.718712,0.10618745343338196
