variant,model_name,num_cases,context_relevance_proxy_mean,context_relevance_proxy_std,answer_relevance_proxy_mean,answer_relevance_proxy_std,proxy_core_composite_mean,proxy_core_composite_std,faithfulness_proxy_mean,citation_validity_mean
V1,Gemma-2-2B-IT,100,0.533138,0.22897572266883917,0.812343,0.10719714798614581,0.6727405000000001,0.14189224975364761,0.9741679999999999,1.0
V2,Gemma-2-2B-IT,100,0.536847,0.23509438700017893,0.8079519999999999,0.10726973786966325,0.6723994999999999,0.1395058831703574,0.9741679999999999,1.0
V3,Gemma-2-2B-IT,100,0.441415,0.23200486601262346,0.7843800000000001,0.11309442644502558,0.6128975,0.14264317464030532,0.985,1.0
QW_V1,Qwen2.5-3B-Instruct,100,0.533138,0.22897572266883917,0.806562,0.10494316959404477,0.66985,0.14038814214364922,0.963585,1.0
QW_V3,Qwen2.5-3B-Instruct,100,0.441415,0.23200486601262346,0.806798,0.1118910048469338,0.6241065,0.14868398809525216,0.979405,1.0
